,Title,Normalized_Show_Name,Total Posts (2023),Total Comments (2023)
0,Record of Youth: Season 1 // 청춘기록: 시즌 1,record of youth,0,0
1,The Guest: Season 1 // 손 the guest: 시즌1,the guest,93,5696
2,Dated and Related: Season 1,dated and related,8,311
3,Warrior Nun: Season 2,warrior nun,12,858
4,Exposed: The Case Of Keli Lane: Season 1,exposed the case of keli lane,5,69
5,The Beautiful Lie: Season 1,the beautiful lie,5,309
6,Extraordinary Attorney Woo: Season 1 // 이상한 변호사 우영우: 시즌 1,extraordinary attorney woo,5,115
7,Pending Train: Season 1 // ペンディングトレイン―8時23分、明日 君と: シーズン1,pending train,1,23
8,Come Dine with Me: Series 13,come dine with me,2,252
9,Attack on Pearl Harbor: Minute by Minute: Season 1,attack on pearl harbor minute by minute,45,3856
10,You Are My Spring: Season 1 // 너는 나의 봄: 시즌 1,you are my spring,1,13
11,Luna Petunia: Season 3,luna petunia,0,0
12,Dirty Money: Season 2,dirty money,5,214
13,You are My Destiny: Season 1 // 운명처럼 널 사랑해: Season 1,you are my destiny,1,178
14,iZombie: Season 5,izombie,3,144
15,In the Dark (2019): Season 4,in the dark 2019,5,223
16,Terrace House: Aloha State: Part 4 // テラスハウス Aloha State: Part 4,terrace house aloha state,13,871
17,Spirit Riding Free: Riding Academy: Part 2,spirit riding free riding academy,65,5188
18,DRIFTING DRAGONS: Season 1 // 空挺ドラゴンズ: シーズン1,drifting dragons,0,0
19,50M2: Season 1,50m2,0,0
